{"class_name": "Model", "config": {"name": "model", "layers": [{"class_name": "InputLayer", "config": {"batch_input_shape": [null, 24, 300], "dtype": "float32", "sparse": false, "name": "Pickup_Spatial_Input"}, "name": "Pickup_Spatial_Input", "inbound_nodes": []}, {"class_name": "InputLayer", "config": {"batch_input_shape": [null, 24, 300], "dtype": "float32", "sparse": false, "name": "Dropoff_Spatial_Input"}, "name": "Dropoff_Spatial_Input", "inbound_nodes": []}, {"class_name": "LSTM", "config": {"name": "lstm", "trainable": true, "dtype": "float32", "return_sequences": true, "return_state": false, "go_backwards": false, "stateful": false, "unroll": false, "time_major": false, "units": 150, "activation": "tanh", "recurrent_activation": "sigmoid", "use_bias": true, "kernel_initializer": {"class_name": "GlorotUniform", "config": {"seed": null}}, "recurrent_initializer": {"class_name": "Orthogonal", "config": {"gain": 1.0, "seed": null}}, "bias_initializer": {"class_name": "Zeros", "config": {}}, "unit_forget_bias": true, "kernel_regularizer": null, "recurrent_regularizer": null, "bias_regularizer": null, "activity_regularizer": null, "kernel_constraint": null, "recurrent_constraint": null, "bias_constraint": null, "dropout": 0.0, "recurrent_dropout": 0.0, "implementation": 2}, "name": "lstm", "inbound_nodes": [[["Pickup_Spatial_Input", 0, 0, {}]]]}, {"class_name": "LSTM", "config": {"name": "lstm_1", "trainable": true, "dtype": "float32", "return_sequences": true, "return_state": false, "go_backwards": false, "stateful": false, "unroll": false, "time_major": false, "units": 150, "activation": "tanh", "recurrent_activation": "sigmoid", "use_bias": true, "kernel_initializer": {"class_name": "GlorotUniform", "config": {"seed": null}}, "recurrent_initializer": {"class_name": "Orthogonal", "config": {"gain": 1.0, "seed": null}}, "bias_initializer": {"class_name": "Zeros", "config": {}}, "unit_forget_bias": true, "kernel_regularizer": null, "recurrent_regularizer": null, "bias_regularizer": null, "activity_regularizer": null, "kernel_constraint": null, "recurrent_constraint": null, "bias_constraint": null, "dropout": 0.0, "recurrent_dropout": 0.0, "implementation": 2}, "name": "lstm_1", "inbound_nodes": [[["Dropoff_Spatial_Input", 0, 0, {}]]]}, {"class_name": "LeakyReLU", "config": {"name": "leaky_re_lu", "trainable": true, "dtype": "float32", "alpha": 0.30000001192092896}, "name": "leaky_re_lu", "inbound_nodes": [[["lstm", 0, 0, {}]]]}, {"class_name": "LeakyReLU", "config": {"name": "leaky_re_lu_1", "trainable": true, "dtype": "float32", "alpha": 0.30000001192092896}, "name": "leaky_re_lu_1", "inbound_nodes": [[["lstm_1", 0, 0, {}]]]}, {"class_name": "Concatenate", "config": {"name": "concatenate", "trainable": true, "dtype": "float32", "axis": -1}, "name": "concatenate", "inbound_nodes": [[["leaky_re_lu", 0, 0, {}], ["leaky_re_lu_1", 0, 0, {}]]]}, {"class_name": "InputLayer", "config": {"batch_input_shape": [null, 24, 1], "dtype": "float32", "sparse": false, "name": "Pickup_Quantity_Input"}, "name": "Pickup_Quantity_Input", "inbound_nodes": []}, {"class_name": "InputLayer", "config": {"batch_input_shape": [null, 24, 1], "dtype": "float32", "sparse": false, "name": "Dropoff_Quantity_Input"}, "name": "Dropoff_Quantity_Input", "inbound_nodes": []}, {"class_name": "LSTM", "config": {"name": "lstm_4", "trainable": true, "dtype": "float32", "return_sequences": true, "return_state": false, "go_backwards": false, "stateful": false, "unroll": false, "time_major": false, "units": 150, "activation": "tanh", "recurrent_activation": "sigmoid", "use_bias": true, "kernel_initializer": {"class_name": "GlorotUniform", "config": {"seed": null}}, "recurrent_initializer": {"class_name": "Orthogonal", "config": {"gain": 1.0, "seed": null}}, "bias_initializer": {"class_name": "Zeros", "config": {}}, "unit_forget_bias": true, "kernel_regularizer": null, "recurrent_regularizer": null, "bias_regularizer": null, "activity_regularizer": null, "kernel_constraint": null, "recurrent_constraint": null, "bias_constraint": null, "dropout": 0.0, "recurrent_dropout": 0.0, "implementation": 2}, "name": "lstm_4", "inbound_nodes": [[["concatenate", 0, 0, {}]]]}, {"class_name": "LSTM", "config": {"name": "lstm_2", "trainable": true, "dtype": "float32", "return_sequences": true, "return_state": false, "go_backwards": false, "stateful": false, "unroll": false, "time_major": false, "units": 150, "activation": "tanh", "recurrent_activation": "sigmoid", "use_bias": true, "kernel_initializer": {"class_name": "GlorotUniform", "config": {"seed": null}}, "recurrent_initializer": {"class_name": "Orthogonal", "config": {"gain": 1.0, "seed": null}}, "bias_initializer": {"class_name": "Zeros", "config": {}}, "unit_forget_bias": true, "kernel_regularizer": null, "recurrent_regularizer": null, "bias_regularizer": null, "activity_regularizer": null, "kernel_constraint": null, "recurrent_constraint": null, "bias_constraint": null, "dropout": 0.0, "recurrent_dropout": 0.0, "implementation": 2}, "name": "lstm_2", "inbound_nodes": [[["Pickup_Quantity_Input", 0, 0, {}]]]}, {"class_name": "LSTM", "config": {"name": "lstm_3", "trainable": true, "dtype": "float32", "return_sequences": true, "return_state": false, "go_backwards": false, "stateful": false, "unroll": false, "time_major": false, "units": 150, "activation": "tanh", "recurrent_activation": "sigmoid", "use_bias": true, "kernel_initializer": {"class_name": "GlorotUniform", "config": {"seed": null}}, "recurrent_initializer": {"class_name": "Orthogonal", "config": {"gain": 1.0, "seed": null}}, "bias_initializer": {"class_name": "Zeros", "config": {}}, "unit_forget_bias": true, "kernel_regularizer": null, "recurrent_regularizer": null, "bias_regularizer": null, "activity_regularizer": null, "kernel_constraint": null, "recurrent_constraint": null, "bias_constraint": null, "dropout": 0.0, "recurrent_dropout": 0.0, "implementation": 2}, "name": "lstm_3", "inbound_nodes": [[["Dropoff_Quantity_Input", 0, 0, {}]]]}, {"class_name": "LeakyReLU", "config": {"name": "leaky_re_lu_4", "trainable": true, "dtype": "float32", "alpha": 0.30000001192092896}, "name": "leaky_re_lu_4", "inbound_nodes": [[["lstm_4", 0, 0, {}]]]}, {"class_name": "LeakyReLU", "config": {"name": "leaky_re_lu_2", "trainable": true, "dtype": "float32", "alpha": 0.30000001192092896}, "name": "leaky_re_lu_2", "inbound_nodes": [[["lstm_2", 0, 0, {}]]]}, {"class_name": "LeakyReLU", "config": {"name": "leaky_re_lu_3", "trainable": true, "dtype": "float32", "alpha": 0.30000001192092896}, "name": "leaky_re_lu_3", "inbound_nodes": [[["lstm_3", 0, 0, {}]]]}, {"class_name": "Concatenate", "config": {"name": "concatenate_1", "trainable": true, "dtype": "float32", "axis": -1}, "name": "concatenate_1", "inbound_nodes": [[["leaky_re_lu_4", 0, 0, {}], ["leaky_re_lu_2", 0, 0, {}], ["leaky_re_lu_3", 0, 0, {}]]]}, {"class_name": "LSTM", "config": {"name": "lstm_5", "trainable": true, "dtype": "float32", "return_sequences": true, "return_state": false, "go_backwards": false, "stateful": false, "unroll": false, "time_major": false, "units": 500, "activation": "tanh", "recurrent_activation": "sigmoid", "use_bias": true, "kernel_initializer": {"class_name": "GlorotUniform", "config": {"seed": null}}, "recurrent_initializer": {"class_name": "Orthogonal", "config": {"gain": 1.0, "seed": null}}, "bias_initializer": {"class_name": "Zeros", "config": {}}, "unit_forget_bias": true, "kernel_regularizer": null, "recurrent_regularizer": null, "bias_regularizer": null, "activity_regularizer": null, "kernel_constraint": null, "recurrent_constraint": null, "bias_constraint": null, "dropout": 0.0, "recurrent_dropout": 0.0, "implementation": 2}, "name": "lstm_5", "inbound_nodes": [[["concatenate_1", 0, 0, {}]]]}, {"class_name": "LeakyReLU", "config": {"name": "leaky_re_lu_5", "trainable": true, "dtype": "float32", "alpha": 0.30000001192092896}, "name": "leaky_re_lu_5", "inbound_nodes": [[["lstm_5", 0, 0, {}]]]}, {"class_name": "LSTM", "config": {"name": "lstm_6", "trainable": true, "dtype": "float32", "return_sequences": true, "return_state": false, "go_backwards": false, "stateful": false, "unroll": false, "time_major": false, "units": 500, "activation": "tanh", "recurrent_activation": "sigmoid", "use_bias": true, "kernel_initializer": {"class_name": "GlorotUniform", "config": {"seed": null}}, "recurrent_initializer": {"class_name": "Orthogonal", "config": {"gain": 1.0, "seed": null}}, "bias_initializer": {"class_name": "Zeros", "config": {}}, "unit_forget_bias": true, "kernel_regularizer": null, "recurrent_regularizer": null, "bias_regularizer": null, "activity_regularizer": null, "kernel_constraint": null, "recurrent_constraint": null, "bias_constraint": null, "dropout": 0.0, "recurrent_dropout": 0.0, "implementation": 2}, "name": "lstm_6", "inbound_nodes": [[["leaky_re_lu_5", 0, 0, {}]]]}, {"class_name": "LeakyReLU", "config": {"name": "leaky_re_lu_6", "trainable": true, "dtype": "float32", "alpha": 0.30000001192092896}, "name": "leaky_re_lu_6", "inbound_nodes": [[["lstm_6", 0, 0, {}]]]}, {"class_name": "LSTM", "config": {"name": "lstm_7", "trainable": true, "dtype": "float32", "return_sequences": true, "return_state": false, "go_backwards": false, "stateful": false, "unroll": false, "time_major": false, "units": 500, "activation": "tanh", "recurrent_activation": "sigmoid", "use_bias": true, "kernel_initializer": {"class_name": "GlorotUniform", "config": {"seed": null}}, "recurrent_initializer": {"class_name": "Orthogonal", "config": {"gain": 1.0, "seed": null}}, "bias_initializer": {"class_name": "Zeros", "config": {}}, "unit_forget_bias": true, "kernel_regularizer": null, "recurrent_regularizer": null, "bias_regularizer": null, "activity_regularizer": null, "kernel_constraint": null, "recurrent_constraint": null, "bias_constraint": null, "dropout": 0.0, "recurrent_dropout": 0.0, "implementation": 2}, "name": "lstm_7", "inbound_nodes": [[["leaky_re_lu_6", 0, 0, {}]]]}, {"class_name": "LeakyReLU", "config": {"name": "leaky_re_lu_7", "trainable": true, "dtype": "float32", "alpha": 0.30000001192092896}, "name": "leaky_re_lu_7", "inbound_nodes": [[["lstm_7", 0, 0, {}]]]}, {"class_name": "LSTM", "config": {"name": "lstm_8", "trainable": true, "dtype": "float32", "return_sequences": true, "return_state": false, "go_backwards": false, "stateful": false, "unroll": false, "time_major": false, "units": 150, "activation": "tanh", "recurrent_activation": "sigmoid", "use_bias": true, "kernel_initializer": {"class_name": "GlorotUniform", "config": {"seed": null}}, "recurrent_initializer": {"class_name": "Orthogonal", "config": {"gain": 1.0, "seed": null}}, "bias_initializer": {"class_name": "Zeros", "config": {}}, "unit_forget_bias": true, "kernel_regularizer": null, "recurrent_regularizer": null, "bias_regularizer": null, "activity_regularizer": null, "kernel_constraint": null, "recurrent_constraint": null, "bias_constraint": null, "dropout": 0.0, "recurrent_dropout": 0.0, "implementation": 2}, "name": "lstm_8", "inbound_nodes": [[["leaky_re_lu_7", 0, 0, {}]]]}, {"class_name": "LSTM", "config": {"name": "lstm_10", "trainable": true, "dtype": "float32", "return_sequences": true, "return_state": false, "go_backwards": false, "stateful": false, "unroll": false, "time_major": false, "units": 150, "activation": "tanh", "recurrent_activation": "sigmoid", "use_bias": true, "kernel_initializer": {"class_name": "GlorotUniform", "config": {"seed": null}}, "recurrent_initializer": {"class_name": "Orthogonal", "config": {"gain": 1.0, "seed": null}}, "bias_initializer": {"class_name": "Zeros", "config": {}}, "unit_forget_bias": true, "kernel_regularizer": null, "recurrent_regularizer": null, "bias_regularizer": null, "activity_regularizer": null, "kernel_constraint": null, "recurrent_constraint": null, "bias_constraint": null, "dropout": 0.0, "recurrent_dropout": 0.0, "implementation": 2}, "name": "lstm_10", "inbound_nodes": [[["leaky_re_lu_7", 0, 0, {}]]]}, {"class_name": "LSTM", "config": {"name": "lstm_12", "trainable": true, "dtype": "float32", "return_sequences": true, "return_state": false, "go_backwards": false, "stateful": false, "unroll": false, "time_major": false, "units": 150, "activation": "tanh", "recurrent_activation": "sigmoid", "use_bias": true, "kernel_initializer": {"class_name": "GlorotUniform", "config": {"seed": null}}, "recurrent_initializer": {"class_name": "Orthogonal", "config": {"gain": 1.0, "seed": null}}, "bias_initializer": {"class_name": "Zeros", "config": {}}, "unit_forget_bias": true, "kernel_regularizer": null, "recurrent_regularizer": null, "bias_regularizer": null, "activity_regularizer": null, "kernel_constraint": null, "recurrent_constraint": null, "bias_constraint": null, "dropout": 0.0, "recurrent_dropout": 0.0, "implementation": 2}, "name": "lstm_12", "inbound_nodes": [[["leaky_re_lu_7", 0, 0, {}]]]}, {"class_name": "LeakyReLU", "config": {"name": "leaky_re_lu_8", "trainable": true, "dtype": "float32", "alpha": 0.30000001192092896}, "name": "leaky_re_lu_8", "inbound_nodes": [[["lstm_8", 0, 0, {}]]]}, {"class_name": "LeakyReLU", "config": {"name": "leaky_re_lu_10", "trainable": true, "dtype": "float32", "alpha": 0.30000001192092896}, "name": "leaky_re_lu_10", "inbound_nodes": [[["lstm_10", 0, 0, {}]]]}, {"class_name": "Concatenate", "config": {"name": "concatenate_4", "trainable": true, "dtype": "float32", "axis": -1}, "name": "concatenate_4", "inbound_nodes": [[["lstm_12", 0, 0, {}], ["leaky_re_lu", 0, 0, {}]]]}, {"class_name": "Concatenate", "config": {"name": "concatenate_5", "trainable": true, "dtype": "float32", "axis": -1}, "name": "concatenate_5", "inbound_nodes": [[["lstm_12", 0, 0, {}], ["leaky_re_lu_1", 0, 0, {}]]]}, {"class_name": "Concatenate", "config": {"name": "concatenate_2", "trainable": true, "dtype": "float32", "axis": -1}, "name": "concatenate_2", "inbound_nodes": [[["leaky_re_lu_8", 0, 0, {}], ["leaky_re_lu_2", 0, 0, {}]]]}, {"class_name": "Concatenate", "config": {"name": "concatenate_3", "trainable": true, "dtype": "float32", "axis": -1}, "name": "concatenate_3", "inbound_nodes": [[["leaky_re_lu_10", 0, 0, {}], ["leaky_re_lu_3", 0, 0, {}]]]}, {"class_name": "LSTM", "config": {"name": "lstm_13", "trainable": true, "dtype": "float32", "return_sequences": false, "return_state": false, "go_backwards": false, "stateful": false, "unroll": false, "time_major": false, "units": 150, "activation": "tanh", "recurrent_activation": "sigmoid", "use_bias": true, "kernel_initializer": {"class_name": "GlorotUniform", "config": {"seed": null}}, "recurrent_initializer": {"class_name": "Orthogonal", "config": {"gain": 1.0, "seed": null}}, "bias_initializer": {"class_name": "Zeros", "config": {}}, "unit_forget_bias": true, "kernel_regularizer": null, "recurrent_regularizer": null, "bias_regularizer": null, "activity_regularizer": null, "kernel_constraint": null, "recurrent_constraint": null, "bias_constraint": null, "dropout": 0.0, "recurrent_dropout": 0.0, "implementation": 2}, "name": "lstm_13", "inbound_nodes": [[["concatenate_4", 0, 0, {}]]]}, {"class_name": "LSTM", "config": {"name": "lstm_14", "trainable": true, "dtype": "float32", "return_sequences": false, "return_state": false, "go_backwards": false, "stateful": false, "unroll": false, "time_major": false, "units": 150, "activation": "tanh", "recurrent_activation": "sigmoid", "use_bias": true, "kernel_initializer": {"class_name": "GlorotUniform", "config": {"seed": null}}, "recurrent_initializer": {"class_name": "Orthogonal", "config": {"gain": 1.0, "seed": null}}, "bias_initializer": {"class_name": "Zeros", "config": {}}, "unit_forget_bias": true, "kernel_regularizer": null, "recurrent_regularizer": null, "bias_regularizer": null, "activity_regularizer": null, "kernel_constraint": null, "recurrent_constraint": null, "bias_constraint": null, "dropout": 0.0, "recurrent_dropout": 0.0, "implementation": 2}, "name": "lstm_14", "inbound_nodes": [[["concatenate_5", 0, 0, {}]]]}, {"class_name": "LSTM", "config": {"name": "lstm_9", "trainable": true, "dtype": "float32", "return_sequences": false, "return_state": false, "go_backwards": false, "stateful": false, "unroll": false, "time_major": false, "units": 10, "activation": "tanh", "recurrent_activation": "sigmoid", "use_bias": true, "kernel_initializer": {"class_name": "GlorotUniform", "config": {"seed": null}}, "recurrent_initializer": {"class_name": "Orthogonal", "config": {"gain": 1.0, "seed": null}}, "bias_initializer": {"class_name": "Zeros", "config": {}}, "unit_forget_bias": true, "kernel_regularizer": null, "recurrent_regularizer": null, "bias_regularizer": null, "activity_regularizer": null, "kernel_constraint": null, "recurrent_constraint": null, "bias_constraint": null, "dropout": 0.0, "recurrent_dropout": 0.0, "implementation": 2}, "name": "lstm_9", "inbound_nodes": [[["concatenate_2", 0, 0, {}]]]}, {"class_name": "LSTM", "config": {"name": "lstm_11", "trainable": true, "dtype": "float32", "return_sequences": false, "return_state": false, "go_backwards": false, "stateful": false, "unroll": false, "time_major": false, "units": 10, "activation": "tanh", "recurrent_activation": "sigmoid", "use_bias": true, "kernel_initializer": {"class_name": "GlorotUniform", "config": {"seed": null}}, "recurrent_initializer": {"class_name": "Orthogonal", "config": {"gain": 1.0, "seed": null}}, "bias_initializer": {"class_name": "Zeros", "config": {}}, "unit_forget_bias": true, "kernel_regularizer": null, "recurrent_regularizer": null, "bias_regularizer": null, "activity_regularizer": null, "kernel_constraint": null, "recurrent_constraint": null, "bias_constraint": null, "dropout": 0.0, "recurrent_dropout": 0.0, "implementation": 2}, "name": "lstm_11", "inbound_nodes": [[["concatenate_3", 0, 0, {}]]]}, {"class_name": "LeakyReLU", "config": {"name": "leaky_re_lu_13", "trainable": true, "dtype": "float32", "alpha": 0.30000001192092896}, "name": "leaky_re_lu_13", "inbound_nodes": [[["lstm_13", 0, 0, {}]]]}, {"class_name": "LeakyReLU", "config": {"name": "leaky_re_lu_14", "trainable": true, "dtype": "float32", "alpha": 0.30000001192092896}, "name": "leaky_re_lu_14", "inbound_nodes": [[["lstm_14", 0, 0, {}]]]}, {"class_name": "LeakyReLU", "config": {"name": "leaky_re_lu_9", "trainable": true, "dtype": "float32", "alpha": 0.30000001192092896}, "name": "leaky_re_lu_9", "inbound_nodes": [[["lstm_9", 0, 0, {}]]]}, {"class_name": "LeakyReLU", "config": {"name": "leaky_re_lu_11", "trainable": true, "dtype": "float32", "alpha": 0.30000001192092896}, "name": "leaky_re_lu_11", "inbound_nodes": [[["lstm_11", 0, 0, {}]]]}, {"class_name": "Dense", "config": {"name": "Pickup_Spatial_Output", "trainable": true, "dtype": "float32", "units": 300, "activation": "linear", "use_bias": true, "kernel_initializer": {"class_name": "GlorotUniform", "config": {"seed": null}}, "bias_initializer": {"class_name": "Zeros", "config": {}}, "kernel_regularizer": null, "bias_regularizer": null, "activity_regularizer": null, "kernel_constraint": null, "bias_constraint": null}, "name": "Pickup_Spatial_Output", "inbound_nodes": [[["leaky_re_lu_13", 0, 0, {}]]]}, {"class_name": "Dense", "config": {"name": "Dropoff_Spatial_Output", "trainable": true, "dtype": "float32", "units": 300, "activation": "linear", "use_bias": true, "kernel_initializer": {"class_name": "GlorotUniform", "config": {"seed": null}}, "bias_initializer": {"class_name": "Zeros", "config": {}}, "kernel_regularizer": null, "bias_regularizer": null, "activity_regularizer": null, "kernel_constraint": null, "bias_constraint": null}, "name": "Dropoff_Spatial_Output", "inbound_nodes": [[["leaky_re_lu_14", 0, 0, {}]]]}, {"class_name": "Dense", "config": {"name": "Pickup_Quantity_Output", "trainable": true, "dtype": "float32", "units": 1, "activation": "linear", "use_bias": true, "kernel_initializer": {"class_name": "GlorotUniform", "config": {"seed": null}}, "bias_initializer": {"class_name": "Zeros", "config": {}}, "kernel_regularizer": null, "bias_regularizer": null, "activity_regularizer": null, "kernel_constraint": null, "bias_constraint": null}, "name": "Pickup_Quantity_Output", "inbound_nodes": [[["leaky_re_lu_9", 0, 0, {}]]]}, {"class_name": "Dense", "config": {"name": "Dropoff_Quantity_Output", "trainable": true, "dtype": "float32", "units": 1, "activation": "linear", "use_bias": true, "kernel_initializer": {"class_name": "GlorotUniform", "config": {"seed": null}}, "bias_initializer": {"class_name": "Zeros", "config": {}}, "kernel_regularizer": null, "bias_regularizer": null, "activity_regularizer": null, "kernel_constraint": null, "bias_constraint": null}, "name": "Dropoff_Quantity_Output", "inbound_nodes": [[["leaky_re_lu_11", 0, 0, {}]]]}], "input_layers": [["Pickup_Spatial_Input", 0, 0], ["Dropoff_Spatial_Input", 0, 0], ["Pickup_Quantity_Input", 0, 0], ["Dropoff_Quantity_Input", 0, 0]], "output_layers": [["Pickup_Spatial_Output", 0, 0], ["Dropoff_Spatial_Output", 0, 0], ["Pickup_Quantity_Output", 0, 0], ["Dropoff_Quantity_Output", 0, 0]]}, "keras_version": "2.2.4-tf", "backend": "tensorflow"}